StudentId,StudentName,Grade,Section,FatherName,FatherEmail,FatherPhone
S7001,Aarav Mehta,Grade 7,A,Rakesh Mehta,rakesh.mehta@example.com,9876543210
S9002,Isha Mehta,9,B,Rakesh Mehta,rakesh.mehta@example.com,+91 98765 43210
S7003,Vivaan Shah,VII,A,Nilesh Shah,nilesh.shah@example.com,9812345678
S7004,Diya Patel,Grade 7,C,Amit Patel,,9900112233
S7005,Kabir Anand,Grade 7,B,Rohit Anand,rohit.anand@example.com,9822334455
S9006,Sara Rao,Grade 9,A,Sunil Rao,sunil.rao@example.com,9765432109
S5007,Myra Joshi,Class 5,B,Paresh Joshi,paresh.joshi@example.com,9700000001
S5008,Aditya Nair,Grade 5,A,Manoj Nair,manoj.nair@example.com,9700000002
S1009,Tara Iyer,Grade 1,A,Suresh Iyer,suresh.iyer@example.com,9700000003
